Farans,Olwen,Glynda,2022-03-06,530 Eastlawn Drive,9623963351,fac1,curs2,gr1
Alessandrucci,Rafaelita,Dagny,2021-05-09,46 Service Way,4104867719,fac1,curs2,g2
Niemetz,Manon,Bryn,2021-02-08,387 Eliot Place,4296936758,fac2,curs4,g2
Blade,Kevina,Caroljean,2019-08-01,14364 Rieder Trail,2743284725,fac1,curs2,gr1
Sabie,Aleta,Elie,2022-05-02,75622 North Street,3825846785,fac2,curs1,gr1
Ladyman,Kelly,Brittaney,2021-05-04,36184 Gina Pass,1039987938,fac2,curs3,g2
Feedham,Lynde,Garrot,2021-12-30,551 Golf Course Way,6667423999,fac2,curs1,g2
Kelner,Hansiain,Gawain,2022-06-19,984 Anhalt Center,9556114496,fac1,curs3,gr1
Beckensall,Phil,Cecilla,2021-01-20,304 Jenifer Court,1092532658,fac2,curs4,gr1
Sapshed,Andromache,Carly,2021-10-14,7 Prairieview Circle,3341157679,fac1,curs1,gr1
Farlowe,Florentia,Lisette,2022-06-22,39 Shopko Parkway,2888771848,fac1,curs1,g2
Paramore,Swen,Pall,2019-06-14,1 Sachtjen Junction,9165136753,fac1,curs4,g2
Hadden,Abby,Lisabeth,2022-07-03,2829 Vidon Center,6051254627,fac2,curs1,g2
Berzons,Merv,Esme,2021-07-13,663 Chive Way,9798681367,fac1,curs2,g2
Keays,Tedie,Cristi,2020-01-22,45292 Londonderry Center,5478213381,fac2,curs2,gr1
Baudi,Josy,Annecorinne,2020-12-28,935 Rowland Circle,6707323607,fac2,curs1,g2
Vankin,Mal,Myrtia,2018-11-30,489 Lien Trail,9504376765,fac2,curs1,g2
Spelman,Evvie,Pen,2021-09-14,7757 Killdeer Drive,2575054223,fac1,curs2,g2
Lawlings,Janeta,Willabella,2019-09-20,25242 Fieldstone Court,4726918335,fac1,curs1,gr1
Holdforth,Valera,Camilla,2021-06-12,849 Marquette Terrace,6564473959,fac1,curs3,g2
Simmers,Simmonds,Carolyne,2020-05-23,8447 Fairfield Plaza,5023871909,fac2,curs2,gr1
Risebarer,Malia,Donelle,2018-12-27,696 Morningstar Pass,7812410528,fac1,curs3,g2
Beauchop,Consalve,Reidar,2021-02-18,56513 Service Crossing,1755653086,fac1,curs2,g2
Wayland,Ivory,Mord,2019-01-01,68 Rusk Drive,5091299711,fac1,curs1,g2
Bye,Hannah,Stacy,2022-06-28,8343 Claremont Court,7038242782,fac1,curs1,gr1
Florence,Osbert,Magdaia,2020-08-09,56 American Way,4036043039,fac1,curs2,gr1
Bigmore,Ivonne,Dixie,2022-05-22,25394 Logan Crossing,8718132197,fac2,curs4,g2
Gerckens,Hagen,Olivier,2020-06-08,8431 Fieldstone Drive,5395620498,fac1,curs3,g2
Corser,Belle,Gert,2022-04-24,1689 Manley Parkway,1779946527,fac1,curs4,g2
Seegar,Gage,Katti,2021-02-18,7 Melrose Court,7752037168,fac2,curs4,g2
Habden,Perri,Louisa,2019-11-17,04163 Sunnyside Place,8716969472,fac1,curs3,g2
O'Dreain,Benedick,Aida,2020-01-01,697 Melrose Junction,9483264096,fac1,curs4,gr1
Mc Gorley,Kit,Rosalind,2021-03-18,65388 Claremont Court,3171334240,fac1,curs3,gr1
Tams,Oberon,Syd,2022-06-27,9 Northfield Terrace,5777465656,fac1,curs2,gr1
Pughsley,Lindsay,Allie,2022-02-21,197 Dayton Junction,4352614942,fac1,curs3,g2
Bollans,Tarrance,Ashely,2021-05-23,9 Hayes Center,9431509813,fac1,curs2,gr1
Klaassens,Adda,Tabby,2019-04-25,611 Banding Way,8273619541,fac1,curs1,g2
Enstone,Edith,Pascal,2019-12-08,12615 Sunbrook Terrace,3966245944,fac1,curs3,gr1
Lutwyche,Lauralee,Harwilll,2021-03-09,014 Mallard Hill,8678898085,fac1,curs4,g2
Mountjoy,Donnamarie,Killian,2019-11-28,997 2nd Plaza,1176341144,fac2,curs1,gr1
Hatzar,Charles,Witty,2022-09-24,85 Mallard Park,2257335583,fac1,curs3,g2
Sirr,Thacher,Hoyt,2018-11-25,5 Express Drive,3633894158,fac1,curs3,gr1
Buxton,Henri,Grove,2021-06-27,841 Messerschmidt Hill,6496323445,fac2,curs2,gr1
Probate,Phedra,Kerk,2021-10-21,11153 Sundown Plaza,3638820067,fac2,curs1,g2
O'Concannon,Franzen,Alvan,2020-02-18,8827 Butternut Pass,3957969907,fac1,curs3,gr1
Garric,Barnabe,Shelly,2019-12-17,29 Welch Plaza,3042051796,fac2,curs2,gr1
Verrico,Holly,Paulette,2019-08-28,46373 John Wall Crossing,7806806629,fac1,curs3,gr1
Petrak,Othello,Jarred,2018-12-08,899 4th Trail,7087989256,fac2,curs1,g2
Baugham,Lannie,Evyn,2019-07-03,65 Victoria Circle,6994270048,fac2,curs1,gr1
Lytlle,Leonie,Zonnya,2020-11-22,7 Armistice Park,7124592354,fac1,curs3,g2
Francom,Lynda,Nicolis,2022-05-25,04215 Hollow Ridge Trail,1956918403,fac2,curs2,g2
Giovannacc@i,Cly,Gay,2020-11-05,37 Anhalt Road,9362189638,fac1,curs1,g2
Saggers,Benita,Ivie,2020-05-17,6 Algoma Junction,5377923424,fac2,curs2,g2
Ollcott,Faydra,Pearline,2021-07-10,82865 Park Meadow Crossing,5104971154,fac1,curs4,gr1
Hadley,Clari,Brena,2019-09-10,2 Buhler Road,9242364297,fac2,curs3,gr1
Fettis,Laina,Jillian,2021-12-08,08152 Welch Avenue,3072413570,fac1,curs3,gr1
Woolsey,Artemus,Nickolaus,2020-11-10,2 Emmet Lane,2442018102,fac2,curs1,gr1
Laybourn,Pen,Hope,2020-01-23,85 Sachs Crossing,3862933646,fac1,curs3,g2
Mote,Maris,Elvin,2021-03-09,5950 Kropf Parkway,4696875083,fac1,curs4,g2
Harflete,Donny,Janetta,2020-06-29,5793 Declaration Street,1778901968,fac2,curs2,g2
Hourihane,Deonne,Dode,2020-11-03,70 Waxwing Lane,8538313119,fac1,curs1,g2
Arundel,Elinor,Eula,2019-09-06,6394 Talmadge Point,2388823932,fac2,curs2,g2
Wilkowski,Abigail,Ewen,2022-02-18,76038 Arkansas Road,3586591170,fac2,curs2,g2
Pantin,Judye,Drucy,2020-02-07,76135 Tennyson Terrace,9925453171,fac1,curs3,gr1
Haylands,Wilhelm,Daren,2022-06-30,2 Meadow Vale Trail,7962940665,fac2,curs2,gr1
Lucock,Marisa,Marta,2021-10-21,53492 Park Meadow Road,5825251209,fac1,curs1,g2
Fearon,Jorge,Aubrey,2022-01-15,03827 7th Place,2966331878,fac1,curs4,g2
Batalini,Maggy,Fidel,2019-09-16,7168 West Terrace,4111208861,fac1,curs4,gr1
Potzold,Glenden,Karlyn,2020-06-19,60763 Nevada Street,7041277517,fac2,curs2,gr1
Perche,Arabel,Perl,2019-02-13,57 Erie Crossing,9767270497,fac2,curs2,g2
Angood,Padgett,Dell,2020-06-28,81 Paget Avenue,9877731971,fac1,curs3,g2
Pash,Yardley,Erminie,2020-07-13,7 Farragut Court,7657714902,fac2,curs3,gr1
Blay,Mendy,Malissia,2019-07-17,1452 Badeau Parkway,3743816291,fac2,curs1,g2
Furber,Aubree,Waylin,2020-01-18,13 Grasskamp Court,4836566565,fac1,curs1,g2
Rawood,Germain,Bertie,2020-02-06,75 Arizona Drive,7494006607,fac1,curs2,gr1
Mechan,Harvey,Cahra,2018-11-18,93070 Algoma Avenue,8705261272,fac2,curs2,gr1
Pitone,Stewart,Stanislaw,2020-07-11,18 Grasskamp Center,9984823979,fac2,curs4,gr1
Winspear,Abey,Syman,2020-02-06,06 4th Junction,5539836083,fac2,curs4,g2
Gedney,Foster,Alidia,2020-12-19,76978 Lawn Point,4468955948,fac1,curs3,g2
Pevsner,Moselle,Cynde,2019-11-30,7 Di Loreto Road,3076151241,fac2,curs3,gr1
Hought,Haskel,Eberhard,2022-06-03,70 Cambridge Place,8034096951,fac1,curs2,gr1
Esome,Hilda,Myron,2022-06-30,973 Forest Dale Trail,8022734374,fac2,curs3,g2
Peerman,Artus,Mel,2022-06-10,1 Darwin Crossing,6704657725,fac2,curs3,g2
Fullard,Rozele,Bordy,2021-08-15,5012 Bunting Place,1383358310,fac2,curs3,g2
Harbard,Dilly,Merrel,2019-01-25,532 Elmside Park,9755008920,fac2,curs2,g2
Smallpeace,Barrie,Bobby,2018-12-04,91903 Melody Junction,3188761563,fac2,curs1,gr1
Georgius,Ynes,Gloriane,2021-09-23,97 Golden Leaf Circle,5758931661,fac1,curs2,g2
Style,Patton,Giulietta,2020-04-03,113 Tennyson Road,2773979833,fac2,curs4,gr1
Gerrit,Rahel,Vita,2020-02-27,80659 Golf View Plaza,9975992705,fac2,curs2,gr1
Mytton,Malynda,Carney,2022-05-05,62 Vermont Crossing,8628616257,fac2,curs3,g2
Currao,Emlyn,Allsun,2021-08-21,599 Butternut Trail,7152686798,fac2,curs4,gr1
MacAndreis,Hetti,Korie,2021-10-08,6 Onsgard Place,1387857759,fac1,curs3,gr1
Belcham,Bunny,Weidar,2022-05-09,504 Anniversary Place,3697154637,fac2,curs1,gr1
Glyde,Tristan,Alica,2021-11-16,814 Colorado Trail,4136218891,fac1,curs4,g2
Prettyjohn,Jermaine,Marietta,2019-11-26,36 Washington Crossing,3593950499,fac1,curs4,gr1
Golightly,Cassi,Elton,2020-02-15,3385 Marcy Trail,3357374886,fac2,curs2,g2
Paton,Husein,Dorree,2021-12-20,96074 Nova Road,4246073096,fac2,curs2,gr1
Targetter,Aristotle,Patrizio,2022-06-21,2719 Northfield Terrace,3616243890,fac2,curs3,gr1
Aronovich,Garey,Minny,2022-04-12,7 Scott Park,2229028998,fac1,curs3,g2
Berney,Kelly,Robyn,2020-12-20,07046 Porter Junction,3655233315,fac2,curs3,gr1
